{
  "Ansi 6 Color" : {
    "Green Component" : 0.83853216239999995,
    "Red Component" : 0.49031879989999999,
    "Blue Component" : 0.8118151991
  },
  "Tags" : [

  ],
  "Ansi 12 Color" : {
    "Green Component" : 0.59999999999999998,
    "Red Component" : 0.42352941176470588,
    "Blue Component" : 0.73333333333333328
  },
  "Ansi 1 Color" : {
    "Green Component" : 0.25490197539999998,
    "Red Component" : 0.67450982329999998,
    "Blue Component" : 0.2588235438
  },
  "Draw Powerline Glyphs" : true,
  "Bold Color" : {
    "Green Component" : 0.81568628549575806,
    "Red Component" : 0.81568628549575806,
    "Blue Component" : 0.81568628549575806
  },
  "Normal Font" : "GeistMonoNFM-Light 24",
  "Horizontal Spacing" : 1,
  "Ansi 4 Color" : {
    "Green Component" : 0.59999999999999998,
    "Red Component" : 0.42352941179999998,
    "Blue Component" : 0.73333333329999995
  },
  "Rows" : 25,
  "Default Bookmark" : "No",
  "Ansi 3 Color" : {
    "Green Component" : 0.70980392156862748,
    "Red Component" : 0.89803921568627454,
    "Blue Component" : 0.40392156862745099
  },
  "Cursor Guide Color" : {
    "Red Component" : 0.70214027166366577,
    "Color Space" : "sRGB",
    "Blue Component" : 1,
    "Alpha Component" : 0.25,
    "Green Component" : 0.92681378126144409
  },
  "Non-ASCII Anti Aliased" : true,
  "Use Bright Bold" : true,
  "Ansi 10 Color" : {
    "Green Component" : 0.55576569570135748,
    "Red Component" : 0.49473804391474724,
    "Blue Component" : 0.31444666754949363
  },
  "Ambiguous Double Width" : false,
  "Jobs to Ignore" : [
    "rlogin",
    "ssh",
    "slogin",
    "telnet"
  ],
  "Ansi 15 Color" : {
    "Green Component" : 0.96078431606292725,
    "Red Component" : 0.96078431606292725,
    "Blue Component" : 0.96078431606292725
  },
  "Foreground Color" : {
    "Green Component" : 0.81568628549575806,
    "Red Component" : 0.81568628549575806,
    "Blue Component" : 0.81568628549575806
  },
  "Bound Hosts" : [

  ],
  "Working Directory" : "\/Users\/nikhiljoshi",
  "Blinking Cursor" : true,
  "Disable Window Resizing" : true,
  "Sync Title" : false,
  "Prompt Before Closing 2" : false,
  "BM Growl" : true,
  "Command" : "",
  "Description" : "Default",
  "Mouse Reporting" : true,
  "Screen" : -1,
  "Selection Color" : {
    "Green Component" : 0.18823529779911041,
    "Red Component" : 0.18823529779911041,
    "Blue Component" : 0.18823529779911041
  },
  "Columns" : 80,
  "Idle Code" : 0,
  "Ansi 13 Color" : {
    "Green Component" : 0.30697798580000002,
    "Red Component" : 0.62333851809999996,
    "Blue Component" : 0.5234466981
  },
  "Custom Command" : "No",
  "ASCII Anti Aliased" : true,
  "Non Ascii Font" : "Monaco 12",
  "Vertical Spacing" : 1,
  "Use Bold Font" : true,
  "Option Key Sends" : 0,
  "Selected Text Color" : {
    "Green Component" : 0.81568628549575806,
    "Red Component" : 0.81568628549575806,
    "Blue Component" : 0.81568628549575806
  },
  "Background Color" : {
    "Green Component" : 0.1283406391402715,
    "Red Component" : 0.1283406391402715,
    "Blue Component" : 0.1283406391402715
  },
  "Character Encoding" : 4,
  "Ansi 11 Color" : {
    "Green Component" : 0.70980392160000005,
    "Red Component" : 0.8980392157,
    "Blue Component" : 0.4039215686
  },
  "Use Italic Font" : true,
  "Unlimited Scrollback" : false,
  "Keyboard Map" : {

  },
  "Window Type" : 0,
  "Background Image Location" : "",
  "Blur" : false,
  "Badge Color" : {
    "Red Component" : 1,
    "Color Space" : "sRGB",
    "Blue Component" : 0,
    "Alpha Component" : 0.5,
    "Green Component" : 0.14910030364990234
  },
  "Scrollback Lines" : 1000,
  "Send Code When Idle" : false,
  "Close Sessions On End" : true,
  "Terminal Type" : "xterm-256color",
  "Visual Bell" : true,
  "Flashing Bell" : false,
  "Silence Bell" : false,
  "Ansi 14 Color" : {
    "Green Component" : 0.83853216239999995,
    "Red Component" : 0.49031879989999999,
    "Blue Component" : 0.8118151991
  },
  "ASCII Ligatures" : false,
  "Name" : "Afterglow",
  "Cursor Text Color" : {
    "Green Component" : 0.08235294371843338,
    "Red Component" : 0.08235294371843338,
    "Blue Component" : 0.08235294371843338
  },
  "Shortcut" : "",
  "Cursor Color" : {
    "Green Component" : 0.81568628549575806,
    "Red Component" : 0.81568628549575806,
    "Blue Component" : 0.81568628549575806
  },
  "Ansi 0 Color" : {
    "Green Component" : 0.08235294371843338,
    "Red Component" : 0.08235294371843338,
    "Blue Component" : 0.08235294371843338
  },
  "Guid" : "2087DF46-ACDD-41B8-B484-F576C8C04956",
  "Transparency" : 0,
  "Ansi 2 Color" : {
    "Green Component" : 0.55576569570000001,
    "Red Component" : 0.49473804389999998,
    "Blue Component" : 0.3144466675
  },
  "Link Color" : {
    "Red Component" : 0,
    "Color Space" : "sRGB",
    "Blue Component" : 0.73422706127166748,
    "Alpha Component" : 1,
    "Green Component" : 0.35915294289588928
  },
  "Ansi 5 Color" : {
    "Green Component" : 0.30697798579568808,
    "Red Component" : 0.62333851809954743,
    "Blue Component" : 0.52344669809931299
  },
  "Use Non-ASCII Font" : false,
  "Ansi 7 Color" : {
    "Green Component" : 0.81568628549575806,
    "Red Component" : 0.81568628549575806,
    "Blue Component" : 0.81568628549575806
  },
  "Ansi 8 Color" : {
    "Green Component" : 0.31372550129890442,
    "Red Component" : 0.31372550129890442,
    "Blue Component" : 0.31372550129890442
  },
  "Ansi 9 Color" : {
    "Green Component" : 0.25490197539999998,
    "Red Component" : 0.67450982329999998,
    "Blue Component" : 0.2588235438
  },
  "Custom Directory" : "No",
  "Right Option Key Sends" : 0
}